Page,Broken Link,Section,Relative Link
https://www.utep.edu/about/bhutan.html,http://givingto.utep.edu/page.aspx?pid=1425,Navigation,Invalid URL
https://www.utep.edu/about/bhutan.html,http://givingto.utep.edu/ways-of-giving,Navigation,Invalid URL
https://www.utep.edu/about/bhutan.html,http://givingto.utep.edu/home,Navigation,Invalid URL
https://www.utep.edu/about/bhutan.html,http://alumni.utep.edu/,Navigation,Invalid URL
https://www.utep.edu/about/bhutan.html,http://sao.fraud.state.tx.us/,Footer,Invalid URL
https://www.utep.edu/about/history.html,http://givingto.utep.edu/ways-of-giving,Navigation,Invalid URL
https://www.utep.edu/about/history.html,http://givingto.utep.edu/page.aspx?pid=1425,Navigation,Invalid URL
https://www.utep.edu/about/history.html,http://givingto.utep.edu/home,Navigation,Invalid URL
https://www.utep.edu/about/history.html,http://alumni.utep.edu/,Navigation,Invalid URL
https://www.utep.edu/about/history.html,http://sao.fraud.state.tx.us/,Footer,Invalid URL
https://www.utep.edu/about/index.html,http://givingto.utep.edu/page.aspx?pid=1425,Navigation,Invalid URL
https://www.utep.edu/about/index.html,http://givingto.utep.edu/home,Navigation,Invalid URL
https://www.utep.edu/about/index.html,http://givingto.utep.edu/ways-of-giving,Navigation,Invalid URL
https://www.utep.edu/about/index.html,http://alumni.utep.edu/,Navigation,Invalid URL
https://www.utep.edu/about/index.html,http://sao.fraud.state.tx.us/,Footer,Invalid URL
https://www.utep.edu/about/leadership.html,http://givingto.utep.edu/page.aspx?pid=1425,Navigation,Invalid URL
https://www.utep.edu/about/leadership.html,http://givingto.utep.edu/home,Navigation,Invalid URL
https://www.utep.edu/about/leadership.html,http://givingto.utep.edu/ways-of-giving,Navigation,Invalid URL
https://www.utep.edu/about/leadership.html,http://alumni.utep.edu/,Navigation,Invalid URL
https://www.utep.edu/about/leadership.html,http://sao.fraud.state.tx.us/,Footer,Invalid URL
https://www.utep.edu/about/president-emerita.html,http://givingto.utep.edu/page.aspx?pid=1425,Navigation,Invalid URL
https://www.utep.edu/about/president-emerita.html,http://givingto.utep.edu/home,Navigation,Invalid URL
https://www.utep.edu/about/president-emerita.html,http://givingto.utep.edu/ways-of-giving,Navigation,Invalid URL
https://www.utep.edu/about/president-emerita.html,http://alumni.utep.edu/,Navigation,Invalid URL
https://www.utep.edu/about/president-emerita.html,http://sao.fraud.state.tx.us/,Footer,Invalid URL
https://www.utep.edu/about/presidents-bio.html,http://givingto.utep.edu/page.aspx?pid=1425,Navigation,Invalid URL
https://www.utep.edu/about/presidents-bio.html,http://givingto.utep.edu/home,Navigation,Invalid URL
https://www.utep.edu/about/presidents-bio.html,http://givingto.utep.edu/ways-of-giving,Navigation,Invalid URL
https://www.utep.edu/about/presidents-bio.html,http://alumni.utep.edu/,Navigation,Invalid URL
https://www.utep.edu/about/presidents-bio.html,http://sao.fraud.state.tx.us/,Footer,Invalid URL
https://www.utep.edu/about/presidents-office.html,http://givingto.utep.edu/ways-of-giving,Navigation,Invalid URL
https://www.utep.edu/about/presidents-office.html,http://givingto.utep.edu/home,Navigation,Invalid URL
https://www.utep.edu/about/presidents-office.html,http://givingto.utep.edu/page.aspx?pid=1425,Navigation,Invalid URL
https://www.utep.edu/about/presidents-office.html,http://alumni.utep.edu/,Navigation,Invalid URL
https://www.utep.edu/about/presidents-office.html,http://sao.fraud.state.tx.us/,Footer,Invalid URL
https://www.utep.edu/about/presidents-welcome.html,http://givingto.utep.edu/ways-of-giving,Navigation,Invalid URL
https://www.utep.edu/about/presidents-welcome.html,http://givingto.utep.edu/home,Navigation,Invalid URL
https://www.utep.edu/about/presidents-welcome.html,http://givingto.utep.edu/page.aspx?pid=1425,Navigation,Invalid URL
https://www.utep.edu/about/presidents-welcome.html,http://alumni.utep.edu/,Navigation,Invalid URL
https://www.utep.edu/about/presidents-welcome.html,http://sao.fraud.state.tx.us/,Footer,Invalid URL
https://www.utep.edu/about/utep-milestones.html,http://givingto.utep.edu/page.aspx?pid=1425,Navigation,Invalid URL
https://www.utep.edu/about/utep-milestones.html,http://givingto.utep.edu/ways-of-giving,Navigation,Invalid URL
https://www.utep.edu/about/utep-milestones.html,http://givingto.utep.edu/home,Navigation,Invalid URL
https://www.utep.edu/about/utep-milestones.html,http://alumni.utep.edu/,Navigation,Invalid URL
https://www.utep.edu/about/utep-milestones.html,http://sao.fraud.state.tx.us/,Footer,Invalid URL
https://www.utep.edu/about/utep-vision-mission-and-goals.html,http://givingto.utep.edu/page.aspx?pid=1425,Navigation,Invalid URL
https://www.utep.edu/about/utep-vision-mission-and-goals.html,http://givingto.utep.edu/ways-of-giving,Navigation,Invalid URL
https://www.utep.edu/about/utep-vision-mission-and-goals.html,http://givingto.utep.edu/home,Navigation,Invalid URL
https://www.utep.edu/about/utep-vision-mission-and-goals.html,http://alumni.utep.edu/,Navigation,Invalid URL
https://www.utep.edu/about/utep-vision-mission-and-goals.html,http://sao.fraud.state.tx.us/,Footer,Invalid URL
https://www.utep.edu/about/divisions/academic-affairs.html,http://givingto.utep.edu/home,Navigation,Invalid URL
https://www.utep.edu/about/divisions/academic-affairs.html,http://givingto.utep.edu/page.aspx?pid=1425,Navigation,Invalid URL
https://www.utep.edu/about/divisions/academic-affairs.html,http://givingto.utep.edu/ways-of-giving,Navigation,Invalid URL
https://www.utep.edu/about/divisions/academic-affairs.html,http://alumni.utep.edu/,Navigation,Invalid URL
https://www.utep.edu/about/divisions/academic-affairs.html,http://sao.fraud.state.tx.us/,Footer,Invalid URL
https://www.utep.edu/about/divisions/business-affairs.html,http://givingto.utep.edu/home,Navigation,Invalid URL
https://www.utep.edu/about/divisions/business-affairs.html,http://givingto.utep.edu/page.aspx?pid=1425,Navigation,Invalid URL
https://www.utep.edu/about/divisions/business-affairs.html,http://givingto.utep.edu/ways-of-giving,Navigation,Invalid URL
https://www.utep.edu/about/divisions/business-affairs.html,http://alumni.utep.edu/,Navigation,Invalid URL
https://www.utep.edu/about/divisions/business-affairs.html,http://sao.fraud.state.tx.us/,Footer,Invalid URL
https://www.utep.edu/about/divisions/business-affairs.html,https://www.youtube.com/user/UTEP,Main Content,Invalid URL
https://www.utep.edu/about/divisions/chief-of-staff.html,http://givingto.utep.edu/ways-of-giving,Navigation,Invalid URL
https://www.utep.edu/about/divisions/chief-of-staff.html,http://givingto.utep.edu/home,Navigation,Invalid URL
https://www.utep.edu/about/divisions/chief-of-staff.html,http://givingto.utep.edu/page.aspx?pid=1425,Navigation,Invalid URL
https://www.utep.edu/about/divisions/chief-of-staff.html,http://alumni.utep.edu/,Navigation,Invalid URL
https://www.utep.edu/about/divisions/chief-of-staff.html,http://sao.fraud.state.tx.us/,Footer,Invalid URL
https://www.utep.edu/about/divisions/information-res-pln.html,http://masterplan.utep.edu/,Navigation,Invalid URL
https://www.utep.edu/about/divisions/information-res-pln.html,http://givingto.utep.edu/home,Navigation,Invalid URL
https://www.utep.edu/about/divisions/information-res-pln.html,http://givingto.utep.edu/page.aspx?pid=1425,Navigation,Invalid URL
https://www.utep.edu/about/divisions/information-res-pln.html,http://givingto.utep.edu/ways-of-giving,Navigation,Invalid URL
https://www.utep.edu/about/divisions/information-res-pln.html,http://studentlife.utep.edu/,Navigation,Invalid URL
https://www.utep.edu/about/divisions/information-res-pln.html,http://alumni.utep.edu/,Navigation,Invalid URL
https://www.utep.edu/about/divisions/information-res-pln.html,http://alumni.utep.edu/page.aspx?pid=1255,Navigation,Invalid URL
https://www.utep.edu/about/divisions/information-res-pln.html,http://sao.fraud.state.tx.us/,Footer,Invalid URL
https://www.utep.edu/about/divisions/information-res-pln.html,http://masterplan.utep.edu/,Navigation,Invalid URL
https://www.utep.edu/about/divisions/information-resources.html,http://givingto.utep.edu/home,Navigation,Invalid URL
https://www.utep.edu/about/divisions/information-resources.html,http://givingto.utep.edu/page.aspx?pid=1425,Navigation,Invalid URL
https://www.utep.edu/about/divisions/information-resources.html,http://givingto.utep.edu/ways-of-giving,Navigation,Invalid URL
https://www.utep.edu/about/divisions/information-resources.html,http://alumni.utep.edu/,Navigation,Invalid URL
https://www.utep.edu/about/divisions/information-resources.html,http://sao.fraud.state.tx.us/,Footer,Invalid URL
https://www.utep.edu/about/divisions/information-resources.html,https://www.youtube.com/user/UTEP,Main Content,Invalid URL
https://www.utep.edu/about/divisions/institutional-advancement.html,http://givingto.utep.edu/home,Navigation,Invalid URL
https://www.utep.edu/about/divisions/institutional-advancement.html,http://givingto.utep.edu/page.aspx?pid=1425,Navigation,Invalid URL
https://www.utep.edu/about/divisions/institutional-advancement.html,http://givingto.utep.edu/ways-of-giving,Navigation,Invalid URL
https://www.utep.edu/about/divisions/institutional-advancement.html,http://alumni.utep.edu/,Navigation,Invalid URL
https://www.utep.edu/about/divisions/institutional-advancement.html,http://sao.fraud.state.tx.us/,Footer,Invalid URL
https://www.utep.edu/about/divisions/institutional-advancement.html,https://www.youtube.com/user/UTEP,Main Content,Invalid URL
https://www.utep.edu/about/divisions/int-athletics.html,http://givingto.utep.edu/home,Navigation,Invalid URL
https://www.utep.edu/about/divisions/int-athletics.html,http://givingto.utep.edu/page.aspx?pid=1425,Navigation,Invalid URL
https://www.utep.edu/about/divisions/int-athletics.html,http://givingto.utep.edu/ways-of-giving,Navigation,Invalid URL
https://www.utep.edu/about/divisions/int-athletics.html,http://alumni.utep.edu/,Navigation,Invalid URL
https://www.utep.edu/about/divisions/int-athletics.html,http://sao.fraud.state.tx.us/,Footer,Invalid URL
https://www.utep.edu/about/divisions/marketing-and-communications.html,http://givingto.utep.edu/home,Navigation,Invalid URL
https://www.utep.edu/about/divisions/marketing-and-communications.html,http://givingto.utep.edu/ways-of-giving,Navigation,Invalid URL
https://www.utep.edu/about/divisions/marketing-and-communications.html,http://givingto.utep.edu/page.aspx?pid=1425,Navigation,Invalid URL
https://www.utep.edu/about/divisions/marketing-and-communications.html,http://alumni.utep.edu/,Navigation,Invalid URL
https://www.utep.edu/about/divisions/marketing-and-communications.html,https://www.youtube.com/user/UTEP,Main Content,Invalid URL
https://www.utep.edu/about/divisions/marketing-and-communications.html,http://sao.fraud.state.tx.us/,Footer,Invalid URL
https://www.utep.edu/about/divisions/president.html,http://givingto.utep.edu/page.aspx?pid=1425,Navigation,Invalid URL
https://www.utep.edu/about/divisions/president.html,http://givingto.utep.edu/home,Navigation,Invalid URL
https://www.utep.edu/about/divisions/president.html,http://givingto.utep.edu/ways-of-giving,Navigation,Invalid URL
https://www.utep.edu/about/divisions/president.html,http://alumni.utep.edu/,Navigation,Invalid URL
https://www.utep.edu/about/divisions/president.html,http://sao.fraud.state.tx.us/,Footer,Invalid URL
https://www.utep.edu/about/divisions/res-sponsored-proj.html,http://givingto.utep.edu/page.aspx?pid=1425,Navigation,Invalid URL
https://www.utep.edu/about/divisions/res-sponsored-proj.html,http://givingto.utep.edu/home,Navigation,Invalid URL
https://www.utep.edu/about/divisions/res-sponsored-proj.html,http://givingto.utep.edu/ways-of-giving,Navigation,Invalid URL
https://www.utep.edu/about/divisions/res-sponsored-proj.html,http://alumni.utep.edu/,Navigation,Invalid URL
https://www.utep.edu/about/divisions/res-sponsored-proj.html,http://sao.fraud.state.tx.us/,Footer,Invalid URL
https://www.utep.edu/about/divisions/res-sponsored-proj.html,https://www.youtube.com/user/UTEP,Main Content,Invalid URL
https://www.utep.edu/about/divisions/student-affairs.html,http://givingto.utep.edu/page.aspx?pid=1425,Navigation,Invalid URL
https://www.utep.edu/about/divisions/student-affairs.html,http://givingto.utep.edu/ways-of-giving,Navigation,Invalid URL
https://www.utep.edu/about/divisions/student-affairs.html,http://givingto.utep.edu/home,Navigation,Invalid URL
https://www.utep.edu/about/divisions/student-affairs.html,http://alumni.utep.edu/,Navigation,Invalid URL
https://www.utep.edu/about/divisions/student-affairs.html,http://sao.fraud.state.tx.us/,Footer,Invalid URL
https://www.utep.edu/about/presidents-speeches-in/2016-fall-convocation.html,http://givingto.utep.edu/page.aspx?pid=1425,Navigation,Invalid URL
https://www.utep.edu/about/presidents-speeches-in/2016-fall-convocation.html,http://alumni.utep.edu/,Navigation,Invalid URL
https://www.utep.edu/about/presidents-speeches-in/2016-fall-convocation.html,http://givingto.utep.edu/ways-of-giving,Navigation,Invalid URL
https://www.utep.edu/about/presidents-speeches-in/2016-fall-convocation.html,http://givingto.utep.edu/home,Navigation,Invalid URL
https://www.utep.edu/about/presidents-speeches-in/2016-fall-convocation.html,http://sao.fraud.state.tx.us/,Footer,Invalid URL
https://www.utep.edu/about/presidents-speeches-in/focus-on-campus-oct-2010.html,http://givingto.utep.edu/page.aspx?pid=1425,Navigation,Invalid URL
https://www.utep.edu/about/presidents-speeches-in/focus-on-campus-oct-2010.html,http://givingto.utep.edu/ways-of-giving,Navigation,Invalid URL
https://www.utep.edu/about/presidents-speeches-in/focus-on-campus-oct-2010.html,http://givingto.utep.edu/home,Navigation,Invalid URL
https://www.utep.edu/about/presidents-speeches-in/focus-on-campus-oct-2010.html,http://alumni.utep.edu/,Navigation,Invalid URL
https://www.utep.edu/about/presidents-speeches-in/focus-on-campus-oct-2010.html,http://sao.fraud.state.tx.us/,Footer,Invalid URL
